<?xml version="1.0" encoding="UTF-8" ?>
<KafkaConfig>
    <BootstrapServerList>${KAFKA_BOOTSTRAP_SERVER_LIST}</BootstrapServerList>
    <!-- Optional section for enable security and SSL. Sample for enable SSL and SASL PLAIN Auth shown below.
    <ProducerConfigs>
        <ProducerConfig>ssl.truststore.location=${HOME}/kafka/store/server/server.truststore</ProducerConfig>
        <ProducerConfig>ssl.truststore.password={TrustStorePassword}</ProducerConfig>
        <ProducerConfig>ssl.keystore.location=${HOME}/kafka/store/server/server</ProducerConfig>
        <ProducerConfig>ssl.keystore.password={KeyStorePassword}</ProducerConfig>
        <ProducerConfig>ssl.key.password={KeyPassword}</ProducerConfig>
        <ProducerConfig>security.protocol=SASL_SSL</ProducerConfig>
        <ProducerConfig>sasl.mechanism=PLAIN</ProducerConfig>
        <ProducerConfig>sasl.jaas.config=org.apache.kafka.common.security.plain.PlainLoginModule required  username="dmkafka" password="{Password}";</ProducerConfig>
        <EncryptedVariable>TrustStorePassword=&amp;ozt|07|1A1A1697B9D817C7EBCA98ED2EB579A4|F6462375AEA34C0CBE02B337F8F715CF</EncryptedVariable>
        <EncryptedVariable>KeyStorePassword=&amp;ozt|07|1A1A1697B9D817C7EBCA98ED2EB579A4|F6462375AEA34C0CBE02B337F8F715CF</EncryptedVariable>
        <EncryptedVariable>KeyPassword=&amp;ozt|07|1A1A1697B9D817C7EBCA98ED2EB579A4|F6462375AEA34C0CBE02B337F8F715CF</EncryptedVariable>
        <EncryptedVariable>Password=&amp;ozt|11|103300DB784C7B5C4B2AEBCB9AD6A9DF|BC4F5FD4DA4FCDABED835566345050EC</EncryptedVariable>
    </ProducerConfigs>
    -->
    <TopicDefinitions>
        <DefaultTopicDefinition name="BrmTopic" format="XML"/>
        <!--
        <TopicDefinition name="NotificationTopic" format="XML">
           <PayloadName>CustDelete</PayloadName>
           <PayloadName>BillInfoUpdate</PayloadName>
           <PayloadName>ProductPurchase</PayloadName>
           <PayloadName>ProductCancel</PayloadName>
        </TopicDefinition>
        -->
        <TopicDefinition name="CommonTopic" format="XML">
<!--                <PayloadName>CustCreate</PayloadName>-->
                <PayloadName>ChangeOffer</PayloadName>
                <PayloadName>CancelOffers</PayloadName>
                <PayloadName>PurchaseOffers</PayloadName>
                <PayloadName>CreateAccount</PayloadName>
                <PayloadName>CreateSubscriber</PayloadName>
                <PayloadName>DeleteSharingGroup</PayloadName>
                <PayloadName>ManageFnF</PayloadName>
                <PayloadName>ManageCUG</PayloadName>
                <PayloadName>ManageMsisdnSim</PayloadName>
                <PayloadName>CreateRecharge</PayloadName>
                <PayloadName>ReverseRecharge</PayloadName>
                <PayloadName>ExtendValidity</PayloadName>
                <PayloadName>UpdateAddresses</PayloadName>
                <PayloadName>UpdateInvoicePreference</PayloadName>
                <PayloadName>MakeAdjustment</PayloadName>
                <PayloadName>UpdateServicePreferences</PayloadName>
                <PayloadName>CancelBudgetLimit</PayloadName>
                <PayloadName>SetBudgetLimit</PayloadName>
                <PayloadName>ChangeBdom</PayloadName>
		<PayloadName>MakePayment</PayloadName>
                <PayloadName>ModifyCreditLimit</PayloadName>
		<PayloadName>AdjustBalanceValidity</PayloadName>
		<PayloadName>AdjustNcrBalanceValidity</PayloadName>
		<PayloadName>MakePaymentReversal</PayloadName>
		<PayloadName>RequestLoan</PayloadName>
		<PayloadName>TransferBalance</PayloadName>
		<PayloadName>UpdatePaytype</PayloadName>
		<PayloadName>DeleteSharingGroup</PayloadName>
		<PayloadName>AddRemoveMemberCSG</PayloadName>
		<PayloadName>AddRemoveMemberDSG</PayloadName>
		<PayloadName>AddGroupMember</PayloadName>
		<PayloadName>DeleteGroupMember</PayloadName>
		<PayloadName>MakeCorpPayment</PayloadName>
		<PayloadName>MakeSettlement</PayloadName>
		<PayloadName>UpdateAccountStatus</PayloadName>
		<PayloadName>UpdateAccountProfile</PayloadName>
		<PayloadName>MakeRefund</PayloadName>
		<PayloadName>MakeDeposit</PayloadName>
		<PayloadName>ReleaseDeposit</PayloadName>
		<PayloadName>MakeDispute</PayloadName>
		<PayloadName>MakeWriteoff</PayloadName>
		<PayloadName>CreateCSG</PayloadName>
		<PayloadName>CreateDSG</PayloadName>
		<PayloadName>AddRemoveOfferCSG</PayloadName>
		<PayloadName>AddRemoveOfferDSG</PayloadName>
		<PayloadName>MoveGroupMember</PayloadName>
      </TopicDefinition>
    </TopicDefinitions>
</KafkaConfig>
